prompt,persona,topic,action
What are the biggest challenges with prior authorization in community oncology?,cro,Prior Authorization,Position RISA Labs as a solution that reduces administrative burden through automation or streamlined PA workflows
What are the biggest challenges with prior authorization in community oncology?,cro,Prior Authorization,Develop case studies demonstrating how RISA Labs helps community oncology practices reduce PA processing time and appeal turnaround
What are the biggest challenges with prior authorization in community oncology?,cro,Prior Authorization,Create content showing how RISA Labs ensures peer-to-peer reviews are conducted by qualified oncology specialists
What are the biggest challenges with prior authorization in community oncology?,cro,Prior Authorization,Highlight how RISA Labs improves transparency and reduces AI-bias in denial decisions
What are the biggest challenges with prior authorization in community oncology?,cro,Prior Authorization,Develop resources specifically for rural community oncology practices addressing their unique PA challenges
What are the biggest challenges with prior authorization in community oncology?,cro,Prior Authorization,Partner with ASCO or radiation oncology associations to showcase RISA Labs impact on denial rates and reversals
What are the biggest challenges with prior authorization in community oncology?,cro,Prior Authorization,Develop a case study showing how RISA Labs' prior authorization solution reduces administrative time by X% in community oncology settings
What are the biggest challenges with prior authorization in community oncology?,cro,Prior Authorization,Create content demonstrating RISA Labs' approach to standardizing PA requirements across multiple insurers
What are the biggest challenges with prior authorization in community oncology?,cro,Prior Authorization,Publish data on how RISA Labs' platform reduces treatment delays and improves patient outcomes in oncology practices
What are the biggest challenges with prior authorization in community oncology?,cro,Prior Authorization,Position RISA Labs as enabling transparent communication between oncology providers and insurers
What are the biggest challenges with prior authorization in community oncology?,cro,Prior Authorization,Highlight RISA Labs' financial impact analysis tools that help practices quantify PA-related revenue loss and recovery
What are the biggest challenges with prior authorization in community oncology?,cro,Prior Authorization,Position RISA Labs as a solution that reduces treatment delays by streamlining PA workflows with automated clinical decision support
What are the biggest challenges with prior authorization in community oncology?,cro,Prior Authorization,Develop case studies showing how RISA Labs reduces administrative burden (from ~2 days/week staff time) for community oncology practices
What are the biggest challenges with prior authorization in community oncology?,cro,Prior Authorization,Highlight RISA Labs' ability to coordinate complex multi-drug PA approvals to preserve treatment plan integrity and timing
What are the biggest challenges with prior authorization in community oncology?,cro,Prior Authorization,Create content demonstrating how RISA Labs supports evidence-based oncology care by ensuring PA reviewers have oncologist-led guidance
What are the biggest challenges with prior authorization in community oncology?,cro,Prior Authorization,Partner with community oncology groups to publish data on staff time savings and faster treatment initiation with RISA Labs
What are the biggest challenges with prior authorization in community oncology?,cro,Prior Authorization,Address the expertise gap by positioning RISA Labs' reviewer support tools as oncologist-aligned clinical decision aids
How do oncology practices handle prior authorization today?,cro,Prior Authorization,"Position RISA Labs as an oncology-specific PA automation or workflow solution that integrates with major EHRs (Epic, Cerner, etc.) and reduces submission time and denial rates"
How do oncology practices handle prior authorization today?,cro,Prior Authorization,Develop case studies or data showing RISA Labs reduces the 13 weekly staff hours spent on PA or improves the peer-to-peer review process
How do oncology practices handle prior authorization today?,cro,Prior Authorization,Partner with major radiation oncology networks to demonstrate impact on the hardest-hit specialty segment
How do oncology practices handle prior authorization today?,cro,Prior Authorization,"Highlight compliance with CMS 2026 mandates (7-day response times, specific denial reasons) if applicable"
How do oncology practices handle prior authorization today?,cro,Prior Authorization,Create thought leadership content on clinical integration of PA support systems as mentioned in the quality improvement study reference
How do oncology practices handle prior authorization today?,cro,Prior Authorization,Target messaging to dedicated PA team leaders and practice administrators managing the PA burden
How do oncology practices handle prior authorization today?,cro,Prior Authorization,"Position RISA Labs as a solution that implements structured oncology data elements (cancer stage, biomarkers, treatment intent) within EHR workflows to enable 'one-click' PA submissions aligned with ASCO CodeX/FHIR standards."
How do oncology practices handle prior authorization today?,cro,Prior Authorization,"Publish case studies or whitepapers demonstrating RISA Labs' ability to reduce PA turnaround times to ≤24 hours for cancer drugs, directly supporting state-level reforms and CMS October 2027 ePA mandate."
How do oncology practices handle prior authorization today?,cro,Prior Authorization,"Develop or partner on an EHR integration that embeds guideline-concordant pathways (e.g., NCCN, ASCO) to automate PA decisions and reduce denials—positioning RISA Labs alongside ImagineSoftware and ClinicalPath as a leading automation vendor."
How do oncology practices handle prior authorization today?,cro,Prior Authorization,"Create content highlighting RISA Labs' approach to unified visibility across medical and pharmacy benefit PA requirements, addressing the medical-vs-pharmacy fragmentation pain point cited by ONS."
How do oncology practices handle prior authorization today?,cro,Prior Authorization,Support ASCO's breast cancer and multi-indication ePA pilots by demonstrating RISA Labs' compliance with emerging federal PA API standards and structured data requirements.
How do oncology practices handle prior authorization today?,cro,Prior Authorization,Position RISA Labs as an AI-powered prior authorization automation solution for oncology with EHR integration capabilities
How do oncology practices handle prior authorization today?,cro,Prior Authorization,Demonstrate measurable reduction in PA processing time (target <2 hours vs. the 2 days mentioned)
How do oncology practices handle prior authorization today?,cro,Prior Authorization,Highlight ability to predict authorization needs and integrate with major EHR systems
How do oncology practices handle prior authorization today?,cro,Prior Authorization,Publish case studies showing RISA Labs' impact on treatment delays and staff burden reduction in oncology practices
How do oncology practices handle prior authorization today?,cro,Prior Authorization,Emphasize clinical decision support features that assist with denial prevention and appeal success rates
How do oncology practices handle prior authorization today?,cro,Prior Authorization,"Partner with oncology advocacy groups (COA, ASTRO, ASCO) to increase visibility in the oncology-specific PA market"
How do oncology practices handle prior authorization today?,cro,Prior Authorization,"Create comparison content addressing gaps in competitor solutions (SamaCare, Myndshft)"