prompt,engine,model,persona,topic,intent,brand_mentioned,brand_mentions,brand_position,brand_sentiment,brand_sentiment_label,competitors_present,n_citations,cited_domains,answer_summary,response
What are the biggest challenges with prior authorization in community oncology?,claude,claude-sonnet-4-6,cro,Prior Authorization,discovery,false,0,0,0.5,absent,"[""Rhyme""]",15,"[""accc-cancer.org"",""advancesradonc.org"",""ameridial.com"",""asco.org"",""ascopubs.org"",""ashpublications.org"",""astro.org"",""cancertherapyadvisor.com"",""ncbi.nlm.nih.gov"",""onclive.com"",""oncologynewscentral.com"",""pmc.ncbi.nlm.nih.gov""]","The answer provides a comprehensive overview of seven major challenges with prior authorization in community oncology, including treatment delays, high denial rates with appeals reversals, administrative burden on practices, peer-to-peer reviews by non-specialists, AI-driven denials, patient psychological/financial tolls, and amplified rural practice challenges. No specific vendor or solution is recommended.","I have enough information from the first two searches to give a comprehensive answer. Let me compile it now.

Here is a comprehensive overview of the biggest challenges with prior authorization (PA) in community oncology, grounded in the latest evidence:

---

## Prior Authorization in Community Oncology: The Biggest Challenges

### 1. 🕐 Treatment Delays That Harm Patients

One of the most serious and well-documented problems is that PA slows down cancer care at a time when speed is critical.


85% of patients with cancer faced prior authorization requirements for oncology treatments, with employer-sponsored insurance associated with the highest administrative burdens and reported negative effects.
 
A survey of 178 cancer patients showed that prior authorization led to delays in care — most lasting at least 2 weeks — as well as administrative burdens and increased anxiety.



An analysis of Medicare Part D claims data found that introducing a new prior authorization for an oral oncology therapy already approved by the insurer increases the odds of discontinuation and delays time to next fill by nearly 10 days.


---

### 2. 🚫 High Rates of Denial — and Reversals on Appeal

A striking problem is that many denials are eventually overturned, suggesting they were clinically inappropriate in the first place.


Radiation oncologists in 2024 estimate that 71% of their requests are initially approved. For those that are denied, ultimately 73% of the denials are overturned on appeal.



Nearly all ASCO survey respondents reported that their patients had experienced harm as a result of prior authorization — including treatment delays (96%), delays in diagnostic imaging (94%), patients being forced to receive a second-choice therapy (93%), increased out-of-pocket costs (88%), and outright denial of therapy (87%). Loss of life was reported by 36% of respondents.


---

### 3. 📋 Crushing Administrative Burden on Practices

Community oncology practices — often smaller and with fewer resources than academic centers — bear an enormous administrative load.


The burden placed on the multidisciplinary care team to submit authorizations, complete peer-to-peer interviews, and fight appeals is extraordinary.



""Prior authorization is a burdensome administrative process in healthcare, contributing to physician burnout, driving up costs, and delaying patients' access to necessary medical care.""
 
A study in 2021 estimated practice expenses of $40 million per year in the relatively small field of radiation oncology alone.



Financial leaders now face delayed reimbursements, rising denial rates, staffing shortages, and patient dissatisfaction at the same time. Across the United States, providers are questioning whether their current operating models can sustain modern cancer care.


---

### 4. 👨‍⚕️ Peer-to-Peer Reviews Not Done by Specialists

When denials are reviewed, the reviewing physicians often lack the relevant clinical expertise.


Just two-thirds (66%) of peer-to-peer consultations for radiation therapy treatments are performed by radiation oncologists.
 This means that a community oncologist's treatment recommendation may be second-guessed by a reviewer with no oncology training.

---

### 5. 🤖 Rising Use of AI-Driven Denials

Insurers are increasingly using automated tools to issue denials, raising serious concerns.


In an AMA survey, 61% of physicians reported that they are concerned that AI already does or will increase denial rates.
 This is particularly worrying for community oncologists, who may lack the legal or administrative resources to fight algorithmically generated denials.

---

### 6. 😰 Patient Psychological and Financial Toll

The burden doesn't fall only on providers — cancer patients themselves are increasingly caught in the middle.


""This study makes clear what many of us in oncology have suspected: Prior authorization isn't just an administrative hurdle for clinicians, it's a hidden second job for patients.""
 
Three out of four people with cancer surveyed had to go through at least one recent prior authorization between 2022 and 2024. In half of those cases, patients and families weren't just bystanders — they had to actively get involved on top of everything else.



""There's a very real mental health toll"" when patients are told that an insurer is preventing them from accessing treatment recommended by their health care providers, and it ""is leading to distrust in the health care system.""


---

### 7. 🌾 Amplified Challenges in Rural Community Practices

Community oncology practices serving rural populations face compounded difficulties, including limited staff, fewer resources to manage appeals, and patients who may have to travel far for any alternative care.


A recent study examined the impact of prior authorization on rural oncology patients and practices across three community practices serving majority rural patient populations with distinct geography, healthcare infrastructure, and models of care
 — highlighting that the PA burden is not uniform and disproportionately affects underserved geographies.

---

### 8. 📉 Irrational Application — No ""Rhyme or Reason""


There are a lot of new and expensive drugs within the hematology/oncology space, but ""it seems like there is no rhyme or reason"" to requiring prior authorization because it is not just for new or expensive medications.
 This unpredictability makes planning and care coordination very difficult for community practices.

---

### What's Being Done?


On January 17, 2024, the Centers for Medicare & Medicaid Services finalized the CMS Interoperability and Prior Authorization Final Rule (CMS-0057-F), establishing requirements for certain payers to streamline the prior authorization process.
 However, advocates note that this rule does not cover drugs — a critical gap for oncology — and much reform work remains to be done, particularly for community practices that lack the lobbying power of large academic medical centers."
What are the biggest challenges with prior authorization in community oncology?,openai,gpt-4o,cro,Prior Authorization,discovery,false,0,0,0.5,absent,[],0,[],"The answer identifies five key challenges with prior authorization in community oncology: administrative burden, treatment delays, insurer complexity/variability, lack of transparency, and financial impact. It calls for streamlined processes and better provider-insurer communication but does not recommend any specific solutions or vendors.","The biggest challenges with prior authorization in community oncology include:

1. **Administrative Burden**: Physicians and staff spend significant time on paperwork and follow-ups, diverting resources away from patient care.

2. **Delays in Treatment**: The process can lead to delays in starting crucial treatments, potentially affecting patient outcomes.

3. **Complexity and Variability**: Different insurers have varying requirements, making it difficult to standardize and streamline the process.

4. **Lack of Transparency**: Often, there is a lack of clear communication from insurers, leading to confusion and inefficiencies.

5. **Financial Impact**: Delays and denials can cause financial strain on practices and patients, who may need to seek alternative funding or face high out-of-pocket costs.

These challenges underscore the need for streamlined processes and better communication between healthcare providers and insurers."
What are the biggest challenges with prior authorization in community oncology?,gemini,gemini-2.5-flash,cro,Prior Authorization,discovery,false,0,0,0.5,absent,[],9,"[""vertexaisearch.cloud.google.com""]","The answer outlines seven major prior authorization challenges in community oncology: treatment delays, administrative burden, patient burden, physician autonomy interference, disruption to comprehensive treatment plans, insurance-type variations, and reviewer expertise gaps. No brands or solutions are recommended.","Prior authorization (PA) presents significant challenges in community oncology, impacting both patients and healthcare providers. These challenges often lead to delays in critical cancer care, increased administrative burden, negative patient outcomes, and interference with physician autonomy in treatment decisions.

The biggest challenges include:

*   **Treatment Delays** Prior authorization commonly causes delays in patients starting physician-recommended treatments. These delays can range from days to weeks, with some studies indicating that over a quarter of patients experience significant delays. Such hold-ups can lead to worsening symptoms, disease progression, and in severe cases, have been reported to contribute to adverse events like emergency room visits, hospitalization, permanent disability, and even death.
*   **Administrative Burden and Inefficiency** The PA process creates a substantial administrative workload for community oncology practices. Staff often spend a significant amount of time, sometimes up to two full business days a week, managing PA requests. This can necessitate reallocating staff time or even hiring additional personnel solely for PA management, leading to increased operational and financial strain on clinics. Despite the extensive process, a high percentage of PA requests (around 95%) are ultimately approved, highlighting the inefficiency and unnecessary hurdles.
*   **Patient Burden** Patients and their families are frequently drawn into the PA process, taking on what has been described as a ""hidden second job."" This personal involvement can lead to additional treatment delays, financial stress, and emotional strain. A significant number of patients report spending considerable time dealing with PA issues, and some may even abandon recommended treatments due to the cumbersome process.
*   **Interference with Physician-Led Care** Prior authorization allows health insurers, rather than the patient's healthcare team, to ultimately decide whether a prescribed treatment is medically necessary. This can interfere with evidence-based decision-making and weaken the physician-patient relationship, with many oncology professionals believing that insurer policies do not align with clinical recommendations. Physicians often report being forced to resort to less optimal treatments or being unable to adhere to established guidelines due to PA requirements.
*   **Impact on Comprehensive Treatment Plans** Cancer treatment often involves complex, multi-drug regimens and sequences. Complicated PA processes for individual medications can delay an entire treatment plan, rather than just a single drug, potentially disrupting the critical timing and effectiveness of therapies.
*   **Variations by Insurance Type** Patients with employer-sponsored insurance plans frequently experience the highest administrative burdens related to prior authorization, with a larger percentage requiring PA for cancer treatments compared to those with Medicare Advantage or traditional Medicare.
*   **Reviewer Expertise** A notable concern is that many insurance plan reviewers who deny cancer treatments may not be oncologists, raising questions about their ability to appropriately evaluate specialized cancer care."
How do oncology practices handle prior authorization today?,claude,claude-sonnet-4-6,cro,Prior Authorization,discovery,false,0,0,0.5,absent,"[""Availity"",""CoverMyMeds""]",20,"[""accc-cancer.org"",""advancesradonc.org"",""annexmed.com"",""asco.org"",""ascopubs.org"",""astro.org"",""cancertherapyadvisor.com"",""develophealth.ai"",""imagineteam.com"",""insighthealth.ai"",""linear.health"",""omnimd.com"",""pmc.ncbi.nlm.nih.gov"",""radiologybusiness.com"",""ustechautomations.com""]","The answer provides a detailed overview of how oncology practices currently handle prior authorization, highlighting the heavy manual burden, frequent denials, patient harm, and the tools/strategies practices are adopting to manage PA (including automation platforms like InsightRT, CoverMyMeds, Availity AuthAI, and ImagineSoftware). It positions PA as a critical operational and clinical challenge in oncology.","Here is a comprehensive overview of how oncology practices handle prior authorization (PA) today — including the current workflow, the burden it creates, and how practices are responding:

---

## How Oncology Practices Handle Prior Authorization Today

### 📋 What Prior Authorization Is and Why It's Required


When utilization review is required by health insurers before patients can receive services or treatments, it is called prior authorization. Stated goals of PA include screening for appropriateness and efficiency and reducing the overutilization of unnecessary services or medications, thereby reducing health care costs.


---

### 🔄 The Current Workflow

In most oncology practices today, the PA process is still heavily manual and administratively intensive:

1. **Identifying which treatments need PA** — Staff must check each treatment plan (chemotherapy regimens, radiation, imaging, specialty drugs) against payer-specific requirements, which vary widely.

2. **Submitting requests** — 
Health insurers manage PA and peer-to-peer review largely by phone and fax. Turning a fax-based procedure into an online form is not sufficient to streamline the process.


3. **Peer-to-peer reviews** — 
The burden placed on the multidisciplinary care team to submit authorizations, complete peer-to-peer interviews, and fight appeals is extraordinary.


4. **Appeals for denials** — When PAs are denied, staff initiate appeals. 
In a 2023 study, researchers assessed prior authorization for imaging orders for surgical planning or surveillance of gastrointestinal, endocrine, and skin cancers. Ultimately, 58.2% of the initially denied imaging orders were overturned. The insurers most likely to initiate a denial that was overturned by a peer-to-peer discussion were Aetna (100%), Anthem (77.8%), and Cigna (50%).


5. **Tracking and follow-up** — Staff continuously monitor the status of pending authorizations, which can expire or require renewal as treatment plans evolve.

---

### 😓 The Burden on Oncology Practices

The PA load in oncology is among the heaviest of any specialty:

- **Radiation oncology is the hardest hit.** 
Despite its high cost-effectiveness, radiation oncology faces the greatest prior authorization burden of any medical specialty. Insurance denials and resulting treatment delays have been documented across several treatment modalities, including stereotactic body radiation, intensity modulated radiation, and proton therapy.


- **More than half of cases now require PA.** 
A majority of survey respondents (54%) said more than half of their cases require prior authorization approval, up from 51% in 2020 and 44% in 2019.


- **Staff time is consumed.** 
Four in 5 physicians said prior authorization made it necessary to reallocate staff time to manage the prior authorization process at their clinic, and three in five said they had to hire additional staff.
 PA eats up an average of 13 hours of staff time every week.

- **Patient harm is common.** 
In a 2022 survey of ASCO members, nearly all participants reported that a patient they had treated had experienced harm as a result of late or denied prior authorizations, including disease progression (80%) and loss of life (36%).


- **Patients are dragged in too.** 
Three out of four people with cancer surveyed had to go through at least one recent prior authorization between 2022 and 2024. In half of those cases, patients and families weren't just bystanders; they had to actively get involved on top of their doctors' efforts, resulting in more treatment delays, more financial strain, and more stress due to insurance problems.


- **Denials are often clinically unjustified.** 
Although insurance companies suggest that PA is intended to control health care spending and ensure the implementation of evidence-based practice, the number of radiation treatment plans reviewed by the PA process that result in changes is quite low. Yet, the cost to patients, providers, and the health care system is rising.


---

### 🏥 How Practices Are Responding

**1. Dedicated PA Teams**

Oncology practices are establishing dedicated teams trained in oncology-specific authorizations and developing standardized protocols for common treatment regimens.


**2. Automation Software**
A growing number of practices are turning to technology. 
Community oncology practices, independent infusion centers, and large multi-site oncology organizations are all benefiting from intelligent automation.
 Tools like **InsightRT** (for radiation oncology), **CoverMyMeds** (for specialty pharmacy), **Availity AuthAI**, and **ImagineSoftware** are being deployed to automate submission and tracking.

**3. EHR-Integrated PA**

For Epic users, Real-Time Prior Authorization (RTPA) built into Epic's Payer Platform submits PA requests directly from the Epic order workflow, polls for status in the background, and surfaces approvals or denials in the clinician's chart without any staff action beyond initiating the order.


**4. Clinical Workflow Integration**

A quality improvement study was conducted to investigate the outcome of clinically integrating a PA support and automation system into the PA process, with the hypothesis that such a system would enhance transparency of requirements, streamline workflows, reduce denials, shorten authorization times, and lessen administrative burden.


---

### ⚖️ Regulatory Changes Underway


On January 17, 2024, the Centers for Medicare & Medicaid Services (CMS) finalized the CMS Interoperability and Prior Authorization Final Rule (CMS-0057-F), establishing requirements for certain payers to streamline the prior authorization process.
 Additionally, 
CMS 2026 mandates 7-day standard response times (down from 14) and requires specific denial reasons.
 Several states have also enacted ""gold card"" laws that exempt physicians with a strong track record of approvals from having to seek PA for certain treatments.

---

### Bottom Line

Today, oncology PA is a labor-intensive, largely manual process that delays care, consumes staff resources, and often results in denials that are ultimately overturned anyway. Practices are increasingly investing in dedicated PA staff, automation platforms, and EHR-integrated tools to reduce this burden — and new federal regulations are starting to push payers toward faster, more transparent electronic processes."
How do oncology practices handle prior authorization today?,openai,gpt-4o,cro,Prior Authorization,discovery,false,0,0,0.5,absent,[],11,"[""aans.org"",""asco.org"",""caretria.com"",""elsevier.com"",""hopkinsmedicine.org"",""imagineteam.com"",""oncpracticemanagement.com"",""ons.org""]","The answer provides a comprehensive overview of how oncology practices handle prior authorization today, covering manual workflows, patient harm, emerging technological interventions (ImagineSoftware, NYX Health, ClinicalPath), policy reforms, and fragmentation challenges. No specific vendor solution is recommended.","Here’s an overview of how oncology practices currently handle prior authorization (PA), based on the latest information from early–mid 2026:

---

##  1. Current Workflows and Administrative Burden

- **Manual, fragmented processes dominate**. Practices typically follow multi-stage workflows—intake, submission, tracking, and completion—with each phase overseen by specific staff roles to ensure nothing falls through the cracks. Inefficiencies often arise at intake, where incomplete eligibility checks and missing clinical documentation lead to denials and resubmissions. ([caretria.com](https://caretria.com/providers/provider-resources/the-specialty-practice-guide-to-prior-authorization-workflows/?utm_source=openai))

- **Time-intensive burden on providers and staff**. Specialty and oncology practices spend extensive time on PA: physicians average around 13 hours per week managing authorizations, with oncology likely exceeding this. ([aans.org](https://www.aans.org/wp-content/uploads/2026/04/Alliance_CRUSH-RFI_FINAL-submitted.pdf?utm_source=openai))

---

## 2. Patient Harm and Clinical Consequences

- **Delays in treatment with real impacts**. Nearly all oncology providers report that PA slows treatment timelines. ASCO data shows 96% see delays, 80% report disease progression, and 36% report at least one patient death due to authorization issues. Denials and administrative hurdles often result in forced therapy changes or outright denial of care. ([asco.org](https://www.asco.org/news-initiatives/policy-news-analysis/nearly-all-oncology-providers-report-prior-authorization?utm_source=openai))

- **Burnout and demoralization**. Physicians average 34 authorizations per week, and 89% view the process as a leading cause of burnout. The time consumed by PA detracts significantly from direct patient care. ([hopkinsmedicine.org](https://www.hopkinsmedicine.org/news/articles/2026/04/a-call-for-radical-collaboration?utm_source=openai))

---

## 3. Technological Interventions and Automation

- **Emerging standards and pilot programs**. The American Society of Clinical Oncology (ASCO) is leading a proof-of-concept with CodeX and Da Vinci to implement ePA through HL7 FHIR standards. The goal: “one-click” PA workflows embedded in EHRs using structured oncology data elements. A breast cancer scenario pilot began in April 2026. ([asco.org](https://www.asco.org/news-initiatives/policy-news-analysis/asco-aims-advance-prior-authorization-automation-codeX-collaboration?utm_source=openai))

- **Automation tools from software vendors**. Platforms like ImagineSoftware integrate with EHRs to automate repetitive workflow components and reduce denials. NYX Health offers end-to-end PA management tailored to oncology. ([imagineteam.com](https://imagineteam.com/how-oncology-can-leverage-automation-to-reduce-prior-authorization-delays/?utm_source=openai))

- **Whitepapers promoting evidence-based, pathway-driven PA**. Tools like ClinicalPath propose embedding guidelines directly within EHRs using structured data—such as cancer stage, biomarkers, and treatment intent—to automate and streamline PA decisions. ([elsevier.com](https://www.elsevier.com/resources/the-prior-authorization-bottleneck-is-costing-patients-time-they-dont-have?utm_source=openai))

---

## 4. Policy and Regulatory Momentum

- **Federal proposed rule on electronic prior authorization**. CMS introduced a rule in April 2026 requiring plans to implement PA APIs for covered drugs starting October 1, 2027. ASCO supports aligning drug and non-drug PA processes. ([asco.org](https://www.asco.org/about-asco/press-center/news-releases/asco-welcomes-electronic-prior-authorization-proposal?utm_source=openai))

- **State-level legislative reforms gaining traction**. In just 2026, ASCO tracked over 130 PA-related bills across 42 states, with five becoming law. Reforms include faster insurer response times, mandatory specialist peer reviews, limitations on AI-driven denials, and exemptions for guideline-concordant care. For example, Utah’s law mandates 72-hour turnaround for urgent requests and 12-month validity for cancer-related authorizations. ([asco.org](https://www.asco.org/news-initiatives/policy-news-analysis/ASCO-Celebrates-Prior-Authorization-Reform-in-the-States?utm_source=openai))

- **Broad regulatory requirements already implemented**. Since January 2026, CMS-backed rules impose turnaround time mandates and transparency standards across Medicare Advantage, Medicaid, CHIP, and ACA Exchange plans. However, employer-sponsored plans remain largely exempt. ([oncpracticemanagement.com](https://www.oncpracticemanagement.com/issues/2026/march-2026-vol-16-no-2/accc-federal-policy-update-highlights-key-risks-and-opportunities-for-oncology-practices-in-2026?utm_source=openai))

---

## 5. Fragmentation and Coverage Complexity

- **Medical vs pharmacy benefit fragmentation**. Oncology providers must navigate different PA rules depending on the drug formulation or administration method—even for the same therapy. This leads to duplicative work and inefficiencies. ONS recommends unified visibility to coverage requirements. ([ons.org](https://www.ons.org/sites/default/files/2026-07/interoperability-and-prior-authorization-for-drugs-6.9.26.pdf?utm_source=openai))

- **Calls for more timely and transparent processes**. ONS advocates for 24-hour PA decisions for cancer drugs, public reporting of drug-related PA metrics (starting with 2027 data), and mandatory, expert-level appeals review. ([ons.org](https://www.ons.org/sites/default/files/2026-07/interoperability-and-prior-authorization-for-drugs-6.9.26.pdf?utm_source=openai))

---

##  Summary: How Oncology Practices Handle Prior Authorization **Today (July 2026)**

1. **Predominantly manual, resource-intensive workflows** remain the norm.
2. **Administrative burden directly affects patient care**, often causing delays, progression, or worse.
3. **Emerging automation** (EHR integration, structured clinical pathways) offers promise but is not yet widespread.
4. **Policy reforms and ePA mandates** (both state and federal) are beginning to accelerate progress.
5. **Fragmented payer requirements** across benefit types still pose significant barriers to unified, streamlined PA handling.

---

Oncology practices face a complex and evolving landscape: entrenched manual processes continue to threaten timeliness of cancer care, but regulatory momentum and technological innovation—particularly ePA and automated workflows—are emerging to alleviate some of the burden."
How do oncology practices handle prior authorization today?,gemini,gemini-2.5-flash,cro,Prior Authorization,discovery,false,0,0,0.5,absent,"[""Myndshft""]",14,"[""vertexaisearch.cloud.google.com""]","The answer comprehensively describes how oncology practices handle prior authorization through dedicated staff, technology adoption, and strategic workflows, while highlighting the significant administrative burden and patient impact. It positions automation tools and AI-powered solutions as key enablers, naming SamaCare and Myndshft as specific vendors.","Oncology practices today navigate a complex and often burdensome prior authorization (PA) process, which is a critical checkpoint imposed by insurance companies to approve proposed treatments like medications, procedures, and services before they are administered. This is particularly significant in oncology due to the high cost and intricate nature of cancer treatments.

**Current Handling and Challenges:**
Oncology practices typically address prior authorization through a combination of dedicated staff, technology, and strategic workflows:

*   **Dedicated Personnel:** Many practices employ staff members, sometimes exclusively, to manage prior authorizations. This can include financial counselors and social workers who also assist patients in understanding the process and timelines.
*   **Significant Time and Resource Drain:** The prior authorization process can consume a substantial amount of staff and physician time, potentially up to two full business days per week. This often necessitates reallocating staff or hiring additional personnel, contributing to staff burnout.
*   **Varying Payer Requirements:** Practices grapple with diverse forms, online systems, and information requirements from different insurance companies, adding to the administrative complexity.
*   **Impact on Patients and Care:** Prior authorizations frequently cause delays in treatment, with studies indicating that nearly all radiation oncologists (92%) report delays for their patients. These delays can lead to serious consequences, including worsening symptoms, disease progression, emergency room visits, hospitalizations, and in some cases, even death. Patients and their families are often compelled to actively participate in navigating the process, adding to their stress and financial burden.
*   **Denials and Appeals:** While a majority of prior authorization requests are initially approved, many denials are eventually overturned on appeal, highlighting inefficiencies within the system. Reviewers from insurance companies may not always be oncologists, which can complicate the evaluation of specialized cancer treatments.

**Strategies and Tools Employed:**
To streamline the process and mitigate its negative impacts, oncology practices are implementing various strategies:

*   **Technology and Automation:** Practices are increasingly adopting automated systems and AI-powered tools to gather and submit required documentation, predict authorization needs, and integrate with Electronic Health Records (EHR) to trigger automatic prior authorization notifications. Online submission of requests is also utilized to accelerate the process and receive immediate notifications.
*   **Best Practices for Submission:** To improve approval rates and reduce delays, practices focus on submitting comprehensive patient medical records, including clinical indicators, lab results, and previous notes. Proactive communication with payers, prioritizing urgent cases, and leveraging clinical data to support requests are also crucial.
*   **Staff Training and Education:** Ongoing education for billing staff on the latest oncology protocols and insurance policies helps them anticipate and address potential authorization roadblocks.
*   **Monitoring and Learning:** Analyzing denial reasons allows practices to refine their processes and provide targeted training to prevent future rejections.
*   **Outsourcing:** Some practices choose to outsource their oncology billing services to external companies that specialize in efficiently handling prior authorizations.
*   **Patient Advocacy:** Patients are encouraged to participate in the appeal process, including peer-to-peer reviews, where an oncologist from the practice can discuss the case with an insurance company physician.

**Specific Tools and Vendors:**
Several companies offer solutions to assist oncology practices with prior authorization:

*   **SamaCare** provides a customizable portal to automate prior authorizations for oncology medications, aiming to reduce treatment time and improve operational efficiency. It is offered free to oncology practices.
*   **Myndshft** is another platform identified as a unified prior authorization solution.

Oncology practices, with support from advocacy groups like the Community Oncology Alliance (COA), the American Society for Radiation Oncologists (ASTRO), and the American Society of Clinical Oncology (ASCO), continue to push for reforms to reduce the administrative burden and ensure timely, life-saving cancer care."